id;commission;nom;prenom;telephone;email;fonction;date_remise;date_limite
1;Crescent;Shirt Group IB;world-class alarm;88638;Darrin.Smith66@gmail.com;Baby;2021-01-12;2021-01-12
2;Investment Account Metal installation;Organized;conglomeration;36087;Lavern.Murphy@yahoo.com;Shore United Kingdom lime;2021-01-12;2021-01-13
3;Oregon;circuit;reboot;90405;Marianna.Pfeffer@hotmail.com;non-volatile calculate;2021-01-13;2021-01-13
4;Games;Avon Senior;technologies;33913;Holly_Raynor@gmail.com;Lithuania uniform;2021-01-12;2021-01-12
5;incentivize pixel Checking Account;Representative;navigating clear-thinking;65646;Jillian.Mills68@yahoo.com;Refined Granite Shirt Research;2021-01-13;2021-01-12
6;Russian Federation;executive Automated;Liaison Sleek Saudi Arabia;64311;Jacky97@yahoo.com;Steel Direct;2021-01-13;2021-01-12
7;Moroccan Dirham Data Brunei Darussalam;Savings Account Azerbaijanian Manat Auto Loan Account;Ukraine matrix;87936;Rita47@hotmail.com;out-of-the-box Investment Account secondary;2021-01-12;2021-01-12
8;aggregate;empower;parallelism Incredible Rubber Chicken Soap;42053;Soledad81@yahoo.com;SQL Money Market Account;2021-01-12;2021-01-12
9;strategy portals;Investor;interface;72316;Selena99@yahoo.com;ivory withdrawal lime;2021-01-12;2021-01-13
10;Field transmit;installation Curve International;Multi-channelled bypassing;521;Aditya.Bartoletti@hotmail.com;distributed Underpass;2021-01-12;2021-01-13
